<?xml version="1.0" encoding="UTF-8"?>
<project-private xmlns="http://www.netbeans.org/ns/project-private/1">
    <editor-bookmarks xmlns="http://www.netbeans.org/ns/editor-bookmarks/2" lastBookmarkId="0"/>
    <open-files xmlns="http://www.netbeans.org/ns/projectui-open-files/2">
        <group>
            <file>file:/home/oscarfh06/Documentos/OSCAR/2DAM/DESARROLLO%20DE%20INTERFACES/TEMA%202/JAVAFX/NavegacionAutomovil/src/navegacion_automovil/controlador/PantallaMapsControlador.java</file>
            <file>file:/home/oscarfh06/Documentos/OSCAR/2DAM/DESARROLLO%20DE%20INTERFACES/TEMA%202/JAVAFX/NavegacionAutomovil/src/navegacion_automovil/vista/pantallaMaps.fxml</file>
        </group>
    </open-files>
</project-private>
